,STN7 (Full),STN8 (Full),STN7 (Kinase),STN8 (Kinase)
A,8.007117437722421,7.878787878787878,7.836990595611286,6.956521739130435
C,1.0676156583629894,1.0101010101010102,0.9404388714733543,0.5797101449275363
D,4.6263345195729535,5.858585858585859,5.015673981191222,6.086956521739131
E,5.6939501779359425,4.242424242424243,6.269592476489027,6.086956521739131
F,4.804270462633451,5.252525252525253,4.702194357366771,4.63768115942029
G,7.11743772241993,7.07070707070707,7.210031347962382,7.246376811594203
H,0.7117437722419928,1.2121212121212122,0.9404388714733543,0.8695652173913043
I,5.6939501779359425,5.05050505050505,6.583072100313479,5.507246376811594
K,6.583629893238434,5.454545454545454,6.896551724137931,6.666666666666667
L,11.032028469750891,12.525252525252526,10.9717868338558,11.594202898550725
M,2.491103202846975,2.0202020202020203,2.19435736677116,2.0289855072463765
N,3.3807829181494666,2.4242424242424243,3.1347962382445136,2.898550724637681
P,5.160142348754448,5.656565656565657,4.702194357366771,5.507246376811594
Q,4.092526690391459,2.6262626262626263,3.761755485893417,2.0289855072463765
R,6.583629893238434,7.2727272727272725,6.583072100313479,8.405797101449275
S,6.761565836298933,8.88888888888889,7.523510971786834,6.086956521739131
T,5.160142348754448,5.454545454545454,2.8213166144200628,4.9275362318840585
V,5.6939501779359425,6.0606060606060606,5.6426332288401255,7.246376811594203
W,1.9572953736654803,1.6161616161616161,1.8808777429467085,1.7391304347826086
Y,3.3807829181494666,2.4242424242424243,4.38871473354232,2.898550724637681
