Alignment_Column,Shannon_Entropy
1,0.0
2,0.0
3,0.0
4,1.584962500721156
5,1.0
6,1.0
7,0.0
8,0.0
9,0.0
10,0.0
11,0.0
12,1.3709505944546687
13,0.0
14,0.0
15,0.0
16,2.2359263506290326
17,0.0
18,0.0
19,0.0
20,0.0
21,0.0
22,1.3709505944546687
23,1.3709505944546687
24,1.3709505944546687
25,1.2516291673878228
26,2.0
27,1.9219280948873623
28,1.3709505944546687
29,0.5916727785823275
30,0.0
31,0.7219280948873623
32,1.0
33,1.0
34,0.0
35,0.5916727785823275
36,1.0
37,0.0
38,0.0
39,1.9219280948873623
40,0.5916727785823275
41,0.6500224216483541
42,0.9182958340544896
43,0.0
44,0.0
45,0.0
46,0.0
47,1.2516291673878228
48,0.9182958340544896
49,0.0
50,2.2516291673878226
51,2.2516291673878226
52,0.0
53,0.0
54,0.0
55,0.0
56,1.2516291673878228
57,0.0
58,0.0
59,0.0
60,0.0
61,0.0
62,2.5216406363433186
63,1.061278124459133
64,2.0
65,0.0
66,0.0
67,0.0
68,0.0
69,0.0
70,0.0
71,0.0
72,1.4488156357251847
73,0.0
74,0.0
75,0.0
76,0.0
77,0.0
78,0.0
79,0.0
80,0.0
81,0.0
82,0.0
83,0.0
84,0.0
85,0.0
86,1.9182958340544896
87,0.0
88,0.0
89,0.0
90,0.0
91,0.0
92,0.0
93,0.5916727785823275
94,1.5
95,0.0
96,0.0
97,0.0
98,0.0
99,0.0
100,0.0
101,0.6500224216483541
102,1.584962500721156
103,1.584962500721156
104,0.0
105,0.0
106,1.8423709931771088
107,0.0
108,0.0
109,1.4488156357251847
110,0.0
111,0.0
112,0.7219280948873623
113,0.0
114,0.0
115,0.0
116,0.0
117,1.5219280948873621
118,0.0
119,0.0
120,0.0
121,0.0
122,0.0
123,0.0
124,0.7219280948873623
125,0.0
126,1.3709505944546687
127,1.5219280948873621
128,1.5
129,1.3709505944546687
130,0.0
131,0.0
132,0.0
133,0.0
134,1.9182958340544893
135,1.2516291673878228
136,0.0
137,0.0
138,0.0
139,0.0
140,0.0
141,0.0
142,0.0
143,2.2516291673878226
144,1.9219280948873623
145,1.5219280948873621
146,0.7219280948873623
147,1.3709505944546687
148,0.0
149,0.0
150,0.0
151,0.0
152,1.584962500721156
153,0.9182958340544896
154,1.584962500721156
155,0.0
156,1.584962500721156
157,1.3709505944546687
158,0.6500224216483541
159,0.0
160,0.0
161,0.0
162,0.0
163,2.321928094887362
164,1.8423709931771088
165,1.4591479170272448
166,1.3709505944546687
167,0.7219280948873623
168,0.8112781244591328
169,0.7219280948873623
170,1.3709505944546687
171,0.7219280948873623
172,0.6500224216483541
173,0.7219280948873623
174,0.0
175,0.0
176,0.0
177,0.0
178,0.0
179,0.6500224216483541
180,0.6500224216483541
181,2.1280852788913944
182,0.0
183,0.0
184,0.0
185,0.0
186,0.0
187,0.0
188,0.6500224216483541
189,0.0
190,0.0
191,0.0
192,0.0
193,0.5916727785823275
194,0.0
195,0.0
196,0.0
197,0.0
198,0.0
199,0.0
200,1.7924812503605778
201,1.6644977792004614
202,0.0
203,0.0
204,0.0
205,1.6644977792004614
206,1.3787834934861753
207,0.5916727785823275
208,0.0
209,0.0
210,0.863120568566631
211,0.0
212,0.9182958340544896
213,0.0
214,0.0
215,0.0
216,0.0
217,2.2516291673878226
218,1.3787834934861753
219,0.9709505944546686
220,1.2516291673878228
221,0.0
222,0.0
223,1.2516291673878228
224,0.0
225,0.0
226,2.1280852788913944
227,1.1488348542809166
228,0.0
229,1.1488348542809166
230,0.7219280948873623
231,0.0
232,0.0
233,1.0
234,0.0
235,0.0
236,0.0
237,0.6500224216483541
238,0.6500224216483541
239,1.1488348542809166
240,0.0
241,0.0
242,0.0
243,0.0
244,0.6500224216483541
245,0.5916727785823275
246,1.4591479170272448
247,0.0
248,0.0
249,0.0
250,0.0
251,0.0
252,0.0
253,0.0
254,0.0
255,0.0
256,1.1488348542809166
257,0.0
258,0.0
259,1.6644977792004614
260,0.0
261,0.0
262,0.0
263,0.0
264,0.0
265,0.0
266,0.0
267,0.0
268,2.1280852788913944
269,0.0
270,0.0
271,1.8423709931771084
272,1.8423709931771088
273,1.3787834934861753
274,0.0
275,0.0
276,0.0
277,0.0
278,1.4488156357251847
279,1.1488348542809166
280,0.5916727785823275
281,0.9852281360342515
282,0.0
283,0.0
284,1.8423709931771088
285,0.0
286,1.5487949406953985
287,1.0
288,1.5487949406953985
289,0.0
290,0.0
291,0.0
292,0.8112781244591328
293,0.0
294,0.0
295,0.0
296,0.0
297,0.9182958340544896
298,0.9182958340544896
299,0.9182958340544896
300,0.9182958340544896
301,1.584962500721156
302,0.9182958340544896
303,0.0
304,1.0
305,0.0
306,1.2516291673878228
307,1.8423709931771088
308,1.4591479170272448
309,1.1488348542809166
310,0.0
311,0.0
312,0.5435644431995964
313,0.0
314,0.0
315,0.0
316,0.0
317,1.3787834934861753
318,0.5916727785823275
319,0.0
320,1.3709505944546687
321,0.7219280948873623
322,0.0
323,0.0
324,0.7219280948873623
325,0.0
326,0.0
327,0.0
328,0.6500224216483541
329,1.0
330,1.0
331,0.6500224216483541
332,0.0
333,1.2987949406953985
334,0.5435644431995964
335,1.6644977792004614
336,1.1488348542809166
337,1.3787834934861753
338,0.0
339,0.0
340,1.1488348542809166
341,1.3787834934861753
342,0.863120568566631
343,0.5916727785823275
344,0.0
345,0.5916727785823275
346,0.5916727785823275
347,0.0
348,1.3787834934861753
349,0.0
350,0.0
351,0.6500224216483541
352,0.5916727785823275
353,1.6644977792004614
354,0.0
355,0.0
356,1.0
357,1.0
358,1.0
359,0.0
360,0.0
361,1.0
362,1.0
363,0.0
364,0.0
365,1.8423709931771088
366,0.0
367,0.0
368,0.0
369,1.1488348542809166
370,0.0
371,0.5916727785823275
372,1.584962500721156
373,1.0
374,1.0
375,1.0
376,1.0
377,0.0
378,1.9219280948873623
379,1.3709505944546687
380,0.0
381,0.0
382,0.0
383,0.0
384,0.0
385,1.4591479170272448
386,0.0
387,0.0
388,0.0
389,0.0
390,0.0
391,0.0
392,0.0
393,0.0
394,0.0
395,0.0
396,0.0
397,0.0
398,0.0
399,0.0
400,0.0
401,0.0
402,0.0
403,0.0
404,0.0
405,0.0
406,0.0
407,0.0
408,0.0
409,0.0
410,1.7924812503605778
411,0.0
412,0.0
413,1.7924812503605778
414,0.0
415,0.0
416,2.2359263506290326
417,2.2359263506290326
418,1.1488348542809166
419,1.7924812503605778
420,0.0
421,0.0
422,0.0
423,2.521640636343318
424,0.0
425,1.5
426,1.0
427,1.0
428,1.0
429,0.0
430,1.3787834934861753
431,0.0
432,0.0
433,0.0
434,0.0
435,0.0
436,0.0
437,0.0
438,1.584962500721156
439,0.9182958340544896
440,0.0
441,1.0
442,1.0
443,1.0
444,0.0
445,0.0
446,1.4591479170272448
447,0.0
448,1.8423709931771088
449,0.0
450,1.8423709931771088
451,1.3787834934861753
452,0.0
453,1.8423709931771084
454,0.5916727785823275
455,0.863120568566631
456,0.5916727785823275
457,1.3787834934861753
458,0.5916727785823275
459,1.1488348542809166
460,1.4488156357251847
461,0.0
462,0.0
463,0.0
464,0.0
465,0.0
466,0.5435644431995964
467,1.0
468,1.584962500721156
469,2.1280852788913944
470,1.1488348542809166
471,0.5916727785823275
472,0.0
473,0.9182958340544896
474,0.0
475,1.950212064914747
476,1.3787834934861753
477,0.0
478,1.3787834934861753
479,0.0
480,0.0
481,1.5
482,0.0
483,0.0
484,0.0
485,1.3709505944546687
486,0.6500224216483541
487,1.6644977792004614
488,0.0
489,0.0
490,0.0
491,1.9182958340544893
492,0.0
493,0.0
494,0.0
495,0.0
496,0.0
497,0.0
498,0.0
499,0.0
500,0.0
501,2.2359263506290326
502,1.3787834934861753
503,0.9182958340544896
504,1.584962500721156
505,1.584962500721156
506,1.0
507,0.0
508,0.0
509,0.0
510,0.5916727785823275
511,0.5916727785823275
512,0.0
513,1.5
514,0.0
515,0.0
516,0.0
517,0.0
518,1.5566567074628228
519,1.8423709931771084
520,0.0
521,0.0
522,1.3787834934861753
523,0.0
524,1.4488156357251847
525,0.9852281360342515
526,0.0
527,0.5916727785823275
528,0.9852281360342515
529,2.2359263506290326
530,0.5916727785823275
531,0.0
532,0.0
533,0.0
534,1.5487949406953985
535,1.0
536,0.0
537,1.8423709931771088
538,0.0
539,0.5435644431995964
540,0.0
541,1.3709505944546687
542,1.2516291673878228
543,1.4591479170272448
544,1.1488348542809166
545,0.0
546,0.0
547,0.5916727785823275
548,0.0
549,1.3787834934861753
550,0.5916727785823275
551,1.0
552,0.0
553,0.0
554,0.0
555,0.0
556,0.0
557,0.0
558,0.0
559,0.0
560,1.8423709931771084
561,1.5566567074628228
562,1.8423709931771084
563,1.4488156357251847
564,0.5916727785823275
565,2.128085278891394
566,1.5487949406953985
567,0.0
568,0.6500224216483541
569,1.2516291673878228
570,0.6500224216483541
571,0.0
572,0.0
573,1.2516291673878228
574,0.0
575,1.9182958340544893
576,1.4591479170272448
577,0.0
578,0.0
579,0.0
580,0.0
581,1.1488348542809166
582,0.0
583,0.0
584,0.0
585,2.1280852788913944
586,1.5487949406953985
587,1.2516291673878228
588,0.0
589,0.954434002924965
590,1.7924812503605778
591,1.2987949406953985
592,0.5435644431995964
593,0.0
594,0.0
595,1.061278124459133
596,1.5
597,1.811278124459133
598,1.4056390622295665
599,0.5435644431995964
600,1.9056390622295665
601,1.9056390622295665
602,1.4056390622295665
603,0.0
604,1.2987949406953985
605,1.061278124459133
606,0.0
607,0.0
608,0.5435644431995964
609,0.0
610,0.0
611,0.0
612,0.954434002924965
613,0.0
614,0.0
615,1.9056390622295665
616,0.0
617,0.0
618,1.5487949406953985
619,1.0
620,1.4056390622295665
621,1.75
622,1.75
623,0.0
624,0.0
625,0.0
626,1.75
627,1.811278124459133
628,0.0
629,0.954434002924965
630,0.0
631,0.0
632,0.0
633,0.0
634,1.0
635,0.0
636,0.0
637,0.0
638,1.2987949406953985
639,0.0
640,0.5435644431995964
641,0.5435644431995964
642,1.4056390622295665
643,0.0
644,0.954434002924965
645,0.0
646,0.5435644431995964
647,1.4056390622295665
648,0.0
649,2.5
650,1.4056390622295665
651,2.1556390622295662
652,0.5435644431995964
653,0.0
654,0.0
655,0.0
656,0.954434002924965
657,0.0
658,1.4056390622295665
659,0.954434002924965
660,0.0
661,0.5435644431995964
662,1.4056390622295665
663,0.5435644431995964
664,1.0
665,0.954434002924965
666,1.0
667,1.4056390622295665
668,1.4056390622295665
669,0.5435644431995964
670,0.0
671,2.0
672,1.0
673,0.0
674,1.4488156357251847
675,1.811278124459133
676,0.0
677,0.0
678,0.954434002924965
679,0.0
680,0.8112781244591328
681,2.25
682,0.0
683,0.0
684,0.0
685,1.4056390622295665
686,0.5435644431995964
687,0.0
688,1.061278124459133
689,1.8423709931771088
690,1.1488348542809166
691,1.8423709931771084
692,0.0
693,0.0
694,0.9852281360342515
695,0.0
696,0.0
697,1.4488156357251847
698,0.0
699,0.5916727785823275
700,2.2359263506290326
701,0.0
702,0.0
703,0.9182958340544896
704,1.2516291673878228
705,1.4591479170272448
706,0.0
707,0.0
708,0.0
709,0.0
710,1.1488348542809166
711,1.3787834934861753
712,0.5916727785823275
713,2.1280852788913944
714,0.0
715,0.0
716,1.8423709931771088
717,1.6644977792004614
718,1.3787834934861753
719,1.8423709931771084
720,0.5916727785823275
721,1.3787834934861753
722,1.8423709931771084
723,0.0
724,0.0
725,0.0
726,1.6644977792004614
727,0.0
728,0.9852281360342515
729,0.0
730,0.5916727785823275
731,0.5916727785823275
732,1.7924812503605778
733,1.7924812503605778
734,1.7924812503605778
735,1.1488348542809166
736,0.0
737,0.0
738,2.128085278891394
739,0.9852281360342515
740,0.0
741,0.0
742,1.0
743,1.0
744,0.0
745,0.0
746,0.0
747,0.9709505944546686
748,0.0
749,0.0
750,0.0
751,1.0
752,0.9182958340544896
753,0.0
754,0.0
755,0.0
756,0.6500224216483541
757,1.6644977792004614
758,1.8423709931771084
759,0.0
760,1.4488156357251847
761,0.0
762,1.3787834934861753
763,0.0
764,0.8112781244591328
765,0.8112781244591328
766,0.0
767,1.1488348542809166
768,1.950212064914747
769,1.3787834934861753
770,1.5219280948873621
771,0.0
772,0.5916727785823275
773,0.0
774,0.9182958340544896
775,0.0
776,1.4591479170272446
777,0.0
778,0.0
779,1.0
780,0.0
781,1.0
782,0.0
783,0.0
784,0.0
785,0.9709505944546686
786,0.0
787,0.7219280948873623
788,1.2516291673878228
789,0.5916727785823275
790,1.0
791,1.0
792,0.0
793,1.6644977792004614
794,0.5916727785823275
795,1.3709505944546687
796,0.6500224216483541
797,1.4591479170272446
798,0.0
799,1.9182958340544896
800,1.1488348542809166
801,0.0
802,1.0
803,0.0
804,0.5916727785823275
805,0.0
806,0.9182958340544896
807,0.0
808,0.0
809,0.0
810,0.6500224216483541
811,0.6500224216483541
812,1.5
813,0.8112781244591328
814,1.5
815,0.0
816,0.5916727785823275
817,0.5916727785823275
818,0.9709505944546686
819,0.0
820,0.0
821,0.0
822,0.8112781244591328
823,0.0
824,0.8112781244591328
825,1.5
826,0.8112781244591328
827,1.5
828,0.8112781244591328
829,1.5
830,0.8112781244591328
831,0.8112781244591328
832,0.0
833,0.0
834,0.0
835,0.0
836,0.0
837,0.0
838,0.0
839,0.0
840,0.0
841,0.0
842,0.0
843,0.0
844,0.0
845,0.0
846,0.0
847,0.0
848,0.0
849,0.0
850,0.0
851,0.0
852,0.0
853,0.0
854,0.0
855,0.0
856,0.0
857,0.9709505944546686
858,0.0
859,0.0
860,0.0
861,0.0
862,0.8112781244591328
863,0.0
864,0.0
865,0.0
866,0.0
867,0.0
868,0.0
869,0.0
870,0.0
871,0.0
872,0.0
873,0.0
874,0.0
875,0.0
876,1.5
877,0.6500224216483541
878,0.8112781244591328
879,1.5
880,1.5219280948873621
881,0.0
882,0.0
883,0.7219280948873623
884,1.5
885,1.5
886,0.0
887,0.0
888,0.8112781244591328
889,0.7219280948873623
890,0.0
891,0.0
892,0.0
893,0.0
894,0.0
895,0.0
896,1.9219280948873623
897,1.5
898,0.0
899,0.6500224216483541
900,0.8112781244591328
901,0.0
902,0.0
903,0.0
904,0.0
905,0.0
906,0.0
907,0.0
908,1.5
909,0.0
910,0.0
911,0.0
912,0.0
913,0.0
914,0.0
915,0.0
916,0.9182958340544896
917,0.6500224216483541
918,0.0
919,0.7219280948873623
920,0.6500224216483541
921,0.7219280948873623
922,0.0
923,0.0
924,1.5219280948873621
925,1.5219280948873621
926,0.0
927,0.0
928,0.0
929,0.0
930,0.0
931,0.0
932,0.0
933,0.0
934,0.0
935,0.0
936,0.0
937,0.0
938,0.0
939,0.0
940,0.0
941,0.0
942,0.0
943,0.0
944,0.0
945,0.0
946,0.0
947,0.0
948,0.0
949,0.0
950,0.0
951,0.0
952,0.7219280948873623
953,0.0
954,0.0
955,0.0
956,0.0
957,0.0
958,0.7219280948873623
959,0.0
960,0.0
961,0.0
962,0.0
963,0.0
964,0.0
965,0.0
966,1.1488348542809166
967,1.5219280948873621
968,0.6500224216483541
969,1.5
970,0.7219280948873623
971,1.3709505944546687
972,1.061278124459133
973,1.75
974,0.0
975,1.75
976,0.5435644431995964
977,0.0
978,1.4591479170272448
979,0.6500224216483541
980,0.7219280948873623
981,0.9709505944546686
982,0.8112781244591328
983,0.8112781244591328
984,0.0
985,1.5
986,0.8112781244591328
987,1.0
988,0.0
989,0.9709505944546686
990,1.5
991,0.8112781244591328
992,1.5
993,1.0
994,0.0
995,0.0
996,0.0
997,0.0
998,0.0
999,0.0
1000,0.0
1001,0.0
1002,0.8112781244591328
1003,0.8112781244591328
1004,1.5
1005,0.5916727785823275
1006,1.5
1007,1.4591479170272448
1008,0.9709505944546686
1009,0.0
1010,0.0
1011,0.0
1012,0.0
1013,0.0
1014,0.0
1015,0.0
1016,0.0
1017,0.0
1018,0.0
1019,0.0
1020,0.0
1021,0.0
1022,0.0
1023,0.0
1024,0.0
1025,0.0
1026,0.0
1027,0.0
1028,0.0
1029,0.0
1030,0.0
1031,0.0
1032,0.0
1033,1.0
1034,0.0
1035,0.0
1036,0.0
1037,0.0
1038,0.0
1039,0.0
1040,0.0
1041,0.0
1042,0.0
1043,0.0
1044,0.0
1045,0.0
1046,0.0
1047,0.0
1048,0.0
1049,0.0
1050,0.0
1051,0.0
1052,0.0
1053,0.0
1054,0.0
1055,0.0
1056,1.0
1057,0.8112781244591328
1058,0.8112781244591328
1059,1.9219280948873623
1060,0.7219280948873623
1061,1.3709505944546687
1062,1.3709505944546687
1063,0.7219280948873623
1064,1.9219280948873623
1065,0.0
1066,1.2516291673878228
1067,0.0
1068,0.0
1069,0.0
1070,0.0
1071,0.0
1072,0.0
1073,0.0
1074,0.0
1075,0.0
1076,0.0
1077,0.0
1078,0.0
1079,0.0
1080,0.0
1081,0.0
1082,0.0
1083,0.0
1084,0.0
1085,0.0
1086,0.0
1087,0.0
1088,0.0
1089,0.0
