Residue,Hydrophobicity
1,0.7600000000000001
2,0.6272727272727274
3,0.7250000000000001
4,0.6153846153846155
5,0.5142857142857145
6,0.6000000000000001
7,0.6749999999999999
8,0.7999999999999998
9,0.5777777777777777
10,0.5052631578947367
11,0.5368421052631579
12,0.3999999999999999
13,0.40526315789473666
14,0.2999999999999999
15,0.07894736842105254
16,0.26842105263157884
17,0.31052631578947365
18,0.17894736842105255
19,0.131578947368421
20,0.1789473684210526
21,0.047368421052631594
22,0.1894736842105263
23,0.18421052631578946
24,0.18421052631578946
25,-0.0947368421052632
26,-0.37368421052631584
27,-0.5631578947368422
28,-0.4368421052631579
29,-0.19473684210526318
30,-0.36842105263157904
31,-0.12631578947368427
32,0.11052631578947363
33,-0.026315789473684268
34,-0.24210526315789477
35,-0.6263157894736842
36,-0.605263157894737
37,-0.43684210526315803
38,-0.2526315789473685
39,-0.11578947368421051
40,-0.18421052631578952
41,-0.2894736842105264
42,-0.28947368421052644
43,-0.10000000000000012
44,0.04210526315789461
45,0.14210526315789468
46,-7.011934892369409e-17
47,-0.1421052631578948
48,-0.10526315789473693
49,-0.14736842105263165
50,-0.1263157894736842
51,-0.5105263157894736
52,-0.5105263157894738
53,-0.07368421052631581
54,0.12105263157894736
55,-0.02631578947368421
56,0.04210526315789468
57,-0.14210526315789476
58,-0.3263157894736843
59,0.05789473684210529
60,0.12631578947368424
61,-0.01578947368421054
62,-0.015789473684210565
63,-0.15789473684210525
64,-0.2578947368421053
65,-0.11578947368421054
66,0.26842105263157895
67,0.12631578947368413
68,0.1736842105263157
69,0.09999999999999991
70,0.24210526315789463
71,0.09999999999999988
72,-0.13684210526315796
73,-0.27894736842105283
74,-0.3157894736842106
75,-0.5631578947368423
76,-0.5000000000000001
77,-0.26842105263157906
78,-0.268421052631579
79,-0.2473684210526315
80,-0.10526315789473681
81,-0.15789473684210523
82,0.005263157894736841
83,0.4263157894736842
84,0.6894736842105262
85,0.4421052631578948
86,0.4947368421052631
87,0.46315789473684194
88,0.5157894736842106
89,0.5210526315789474
90,0.7999999999999999
91,0.6000000000000001
92,0.7000000000000002
93,0.8842105263157896
94,1.1526315789473685
95,1.3736842105263158
96,1.4631578947368422
97,1.2947368421052634
98,1.168421052631579
99,1.4473684210526319
100,1.168421052631579
101,1.2842105263157897
102,0.9789473684210527
103,0.9578947368421052
104,1.205263157894737
105,1.1526315789473685
106,1.1368421052631579
107,1.1368421052631579
108,0.9894736842105264
109,1.0947368421052635
110,1.310526315789474
111,1.5947368421052635
112,1.4315789473684213
113,1.1736842105263159
114,1.173684210526316
115,1.1736842105263159
116,1.1736842105263159
117,0.8421052631578947
118,0.36842105263157887
119,0.7526315789473684
120,0.4526315789473684
121,0.28421052631578947
122,0.042105263157894715
123,-0.3421052631578948
124,-0.2894736842105264
125,-0.005263157894736917
126,0.015789473684210423
127,0.16315789473684203
128,-0.22105263157894753
129,-0.4052631578947369
130,-0.40526315789473694
131,-0.24210526315789485
132,-0.38947368421052636
133,-0.6105263157894738
134,-0.8894736842105262
135,-0.7210526315789473
136,-0.5052631578947369
137,-0.047368421052631594
138,-0.02631578947368421
139,0.11052631578947371
140,0.4421052631578948
141,0.46315789473684216
142,0.868421052631579
143,0.9210526315789473
144,0.9210526315789473
145,0.6157894736842106
146,0.4473684210526316
147,0.4473684210526316
148,0.6105263157894737
149,0.37368421052631584
150,0.5947368421052631
151,1.0000000000000002
152,0.8368421052631578
153,0.6947368421052631
154,0.7684210526315788
155,0.5526315789473685
156,0.5526315789473685
157,0.28947368421052644
158,0.15263157894736845
159,0.1526315789473686
160,-0.06315789473684207
161,-0.1894736842105262
162,-0.5947368421052631
163,-0.6999999999999998
164,-0.5157894736842104
165,-0.4947368421052631
166,-0.16315789473684203
167,-0.1578947368421053
168,-0.14210526315789468
169,-0.5263157894736842
170,-0.6000000000000001
171,-0.6210526315789474
172,-0.6210526315789474
173,-1.0789473684210527
174,-0.6210526315789474
175,-0.6052631578947371
176,-0.36315789473684207
177,-0.363157894736842
178,-0.6631578947368421
179,-0.2052631578947369
180,-0.5052631578947367
181,-0.07894736842105259
182,-0.19473684210526304
183,-0.07368421052631581
184,-0.12631578947368416
185,-0.2947368421052632
186,-0.16315789473684214
187,-0.3263157894736842
188,-0.3263157894736842
189,-0.3263157894736842
190,-0.14210526315789473
191,-0.14210526315789473
192,0.0263157894736842
193,-0.37894736842105264
194,-0.7999999999999999
195,-1.0473684210526315
196,-0.6947368421052631
197,-0.6736842105263158
198,-0.9631578947368421
199,-0.994736842105263
200,-1.0157894736842106
201,-1.0368421052631578
202,-1.4947368421052631
203,-1.1631578947368422
204,-1.0473684210526315
205,-1.2263157894736842
206,-1.2263157894736842
207,-1.0789473684210527
208,-1.0947368421052632
209,-0.9789473684210526
210,-0.9789473684210526
211,-0.7631578947368419
212,-0.37894736842105264
213,-0.2157894736842105
214,-0.21052631578947373
215,-0.21052631578947367
216,0.19473684210526312
217,0.3578947368421052
218,0.41052631578947374
219,0.005263157894736847
220,0.010526315789473729
221,0.06315789473684212
222,-0.06842105263157892
223,-0.0631578947368421
224,0.168421052631579
225,0.31578947368421045
226,0.14736842105263154
227,-0.005263157894736923
228,-0.12105263157894743
229,-0.14210526315789485
230,-0.3368421052631579
231,-0.33684210526315805
232,-0.09473684210526319
233,-0.10000000000000009
234,-0.4842105263157894
235,-0.5578947368421053
236,-0.8368421052631578
237,-0.6736842105263159
238,-0.6526315789473685
239,-0.8526315789473685
240,-0.8526315789473684
241,-0.6157894736842104
242,-0.6210526315789472
243,-0.9526315789473683
244,-0.9842105263157894
245,-0.6789473684210526
246,-0.8631578947368422
247,-1.0263157894736843
248,-1.0578947368421054
249,-1.0526315789473686
250,-1.105263157894737
251,-1.4105263157894736
252,-1.4052631578947368
253,-1.3526315789473686
254,-1.3
255,-1.3
256,-1.3210526315789473
257,-0.8999999999999999
258,-0.5631578947368422
259,-0.23157894736842102
260,-0.4526315789473684
261,-0.7842105263157895
262,-0.37894736842105275
263,-0.11052631578947376
264,-0.39473684210526316
265,-0.2105263157894738
266,0.19473684210526318
267,0.24736842105263154
268,0.2473684210526316
269,0.32105263157894737
270,0.20000000000000007
271,0.005263157894736824
272,-0.047368421052631594
273,-0.15263157894736848
274,0.23157894736842102
275,0.5105263157894736
276,0.5105263157894736
277,0.2052631578947369
278,-0.12631578947368421
279,0.13157894736842116
280,0.46842105263157896
281,0.01052631578947374
282,-0.3736842105263158
283,0.04736842105263169
284,0.3052631578947368
285,0.04736842105263161
286,0.1894736842105263
287,0.431578947368421
288,-0.02631578947368421
289,-0.02631578947368414
290,0.4473684210526317
291,0.5157894736842106
292,0.4000000000000002
293,0.16315789473684222
294,-0.09473684210526301
295,-0.0947368421052631
296,0.3315789473684211
297,0.3473684210526316
298,-0.12631578947368413
299,-0.41052631578947374
300,0.04736842105263164
301,0.026315789473684233
302,-0.2947368421052631
303,-0.43684210526315786
304,-0.5842105263157894
305,-0.3421052631578948
306,-0.3210526315789474
307,0.13684210526315793
308,0.30526315789473685
309,-0.13684210526315788
310,-0.17368421052631575
311,-0.17368421052631575
312,-0.32105263157894737
313,-0.06315789473684216
314,-0.5052631578947369
315,-0.5263157894736842
316,-0.12105263157894726
317,-0.06842105263157894
318,0.26315789473684226
319,0.021052631578947545
320,0.3210526315789474
321,0.5000000000000001
322,0.5
323,0.5000000000000002
324,0.5
325,0.04210526315789478
326,0.0578947368421052
327,0.07368421052631584
328,0.07368421052631578
329,0.09473684210526319
330,0.047368421052631636
331,0.46842105263157907
332,0.14736842105263165
333,0.168421052631579
334,-0.26842105263157895
335,-0.5421052631578946
336,-0.1578947368421053
337,-0.10526315789473684
338,-0.26842105263157895
339,-0.4473684210526316
340,-0.7263157894736842
341,-0.8894736842105262
342,-0.5736842105263159
343,-0.8578947368421053
344,-0.7052631578947368
345,-1.1263157894736844
346,-0.9052631578947368
347,-0.768421052631579
348,-0.3631578947368422
349,-0.09473684210526319
350,-0.41578947368421065
351,-0.5157894736842106
352,-0.5157894736842106
353,-0.31578947368421056
354,-0.3631578947368421
355,-0.6052631578947367
356,-0.8894736842105264
357,-0.7894736842105263
358,-0.7894736842105262
359,-0.7894736842105262
360,-0.8052631578947369
361,-0.7000000000000001
362,-0.5210526315789474
363,-0.3421052631578947
364,0.04210526315789468
365,0.04210526315789473
366,0.06842105263157898
367,-0.23684210526315788
368,-0.20000000000000004
369,0.0842105263157894
370,0.22105263157894733
371,0.22105263157894725
372,0.45789473684210524
373,0.3578947368421053
374,0.35789473684210527
375,0.3578947368421053
376,0.2578947368421053
377,0.5421052631578948
378,0.8736842105263158
379,0.773684210526316
380,0.6368421052631579
381,0.4736842105263157
382,0.33684210526315783
383,0.23157894736842102
384,0.010526315789473618
385,0.28947368421052627
386,0.5947368421052632
387,0.5578947368421051
388,0.5578947368421052
389,0.42105263157894735
390,0.7052631578947368
391,0.6
392,1.0052631578947369
393,0.9631578947368421
394,1.0105263157894735
395,1.394736842105263
396,0.9578947368421055
397,0.768421052631579
398,0.9157894736842105
399,0.9105263157894737
400,0.9578947368421055
401,1.2000000000000002
402,0.9000000000000002
403,0.7368421052631581
404,0.6473684210526315
405,0.24210526315789482
406,0.2421052631578947
407,-0.14210526315789473
408,0.2789473684210526
409,-0.026315789473684233
410,-0.16315789473684214
411,-0.16315789473684214
412,-0.26315789473684215
413,-0.29473684210526324
414,-0.6789473684210527
415,-0.24210526315789485
416,-0.3842105263157895
417,-0.5842105263157895
418,-0.7263157894736842
419,-0.9421052631578947
420,-1.3263157894736841
421,-1.3578947368421053
422,-1.2105263157894737
423,-1.5947368421052632
424,-1.4473684210526316
425,-1.8842105263157893
426,-1.7842105263157895
427,-2.2052631578947373
428,-1.8000000000000005
429,-1.8
430,-1.7842105263157897
431,-1.4
432,-1.5157894736842106
433,-1.1315789473684208
434,-1.5157894736842106
435,-1.3736842105263158
436,-1.1578947368421053
437,-1.3473684210526315
438,-1.1315789473684208
439,-0.994736842105263
440,-0.9421052631578947
441,-0.7052631578947368
442,-0.2473684210526315
443,-0.24736842105263154
444,-0.21578947368421045
445,0.06842105263157898
446,0.4894736842105263
447,0.24736842105263163
448,0.10526315789473684
449,-0.3684210526315789
450,-0.5894736842105264
451,-0.4473684210526316
452,-0.44736842105263175
453,-0.5
454,-0.6947368421052631
455,-0.6947368421052632
456,-0.6947368421052632
457,-0.47368421052631576
458,-0.46842105263157907
459,-0.18947368421052624
460,-0.29473684210526313
461,-0.42105263157894735
462,-0.2894736842105262
463,0.11578947368421054
464,-0.32105263157894737
465,-0.7263157894736842
466,-0.7684210526315789
467,-0.6526315789473685
468,-0.268421052631579
469,-0.04736842105263164
470,0.19473684210526307
471,-0.026315789473684285
472,0.1894736842105262
473,0.24210526315789452
474,0.07894736842105254
475,0.4105263157894736
476,0.3052631578947367
477,0.44210526315789456
478,0.5684210526315788
479,0.6736842105263157
480,0.5368421052631578
481,0.2368421052631578
482,0.2368421052631578
483,0.43157894736842084
484,0.7473684210526316
485,0.7894736842105261
486,0.6526315789473685
487,0.5333333333333331
488,0.34117647058823525
489,0.125
490,0.16
491,0.2
492,0.48461538461538456
493,0.8166666666666665
494,0.7272727272727271
495,0.6199999999999999
